model_type,training_time_seconds,training_time_minutes,mae_mean,mae_std,rmse_mean,rmse_std,n2n_mse_mean,n2n_mse_std,n2n_count_sources
lstm,1099.6589995410031,18.327649992350054,0.06378871947526932,0.05165811628103256,0.08008966594934464,0.06448619067668915,0.2970935679116498,0.19805911641111518,554
