model_type,training_time_seconds,training_time_minutes,mae_mean,mae_std,rmse_mean,rmse_std,n2n_mse_mean,n2n_mse_std
lstm,1099.6589995410031,18.327649992350054,0.06378871947526932,0.05165811628103256,0.08008966594934464,0.06448619067668915,0.2970935679116498,0.19805911641111518
linear,8.055233416998817,0.1342538902833136,0.06521976739168167,0.05001329630613327,0.08151889592409134,0.06276177614927292,0.2858511580008045,0.19022247229347752
